Voti Italia 2 giornata di campionato;;;;;;;;;;;;;;
Solo su www.fantacalcio.it i voti ufficiali per la tua lega;;;;;;;;;;;;;;
QUESTO FILE NON PUO' ESSERE RIPRODOTTO NE' PUBBLICATO SU ALTRI SITI INTERNET;;;;;;;;;;;;;;
E' DA CONSIDERARSI AD USO PERSONALE ESCLUSIVO DEGLI ISCRITTI DI FANTACALCIO.IT;;;;;;;;;;;;;;
ATALANTA;;;;;;;;;;;;;;
Cod.;Ruolo;Nome;Voto;Gf;Gs;Rp;Rs;Rf;Au;Amm;Esp;Ass;Gdv;Gdp
2792;P;MUSSO;6;0;0;0;0;0;0;0;0;0;0;0
5375;D;MAEHLE;6;0;0;0;0;0;0;0;0;0;0;0
2160;D;GOSENS;6;0;0;0;0;0;0;1;0;0;0;0
2181;D;PALOMINO;6,5;0;0;0;0;0;0;1;0;0;0;0
554;D;ZAPPACOSTA;6*;0;0;0;0;0;0;0;0;0;0;0
695;D;TOLOI;6;0;0;0;0;0;0;0;0;0;0;0
787;D;DJIMSITI;6,5;0;0;0;0;0;0;0;0;0;0;0
2741;C;PESSINA;6;0;0;0;0;0;0;0;0;0;0;0
4427;C;MALINOVSKYI;5,5;0;0;0;0;0;0;0;0;0;0;0
5001;C;MIRANCHUK;6;0;0;0;0;0;0;0;0;0;0;0
788;C;FREULER;6,5;0;0;0;0;0;0;0;0;0;0;0
2077;C;PASALIC;5,5;0;0;0;0;0;0;0;0;0;0;0
177;A;ILICIC;5,5;0;0;0;0;0;0;0;0;0;0;0
507;A;MURIEL;5,5;0;0;0;0;0;0;0;0;0;0;0
4359;A;PICCOLI;5,5;0;0;0;0;0;0;0;0;0;0;0
5292;A;LAMMERS;6*;0;0;0;0;0;0;0;0;0;0;0
684;ALL;GASPERINI;5,5;0;0;0;0;0;0;0;0;0;0;0
BOLOGNA;;;;;;;;;;;;;;
Cod.;Ruolo;Nome;Voto;Gf;Gs;Rp;Rs;Rf;Au;Amm;Esp;Ass;Gdv;Gdp
133;P;SKORUPSKI;6,5;0;0;0;0;0;0;0;0;0;0;0
5300;D;HICKEY;6,5;0;0;0;0;0;0;1;0;0;0;0
2192;D;BONIFAZI;6,5;0;0;0;0;0;0;0;0;0;0;0
487;D;DE SILVESTRI;6,5;0;0;0;0;0;0;0;0;0;0;0
4422;D;TOMIYASU;6*;0;0;0;0;0;0;0;0;0;0;0
4891;D;SOUMAORO;6*;0;0;0;0;0;0;0;0;0;0;0
2744;C;SVANBERG;5,5;0;0;0;0;0;0;1;0;0;0;0
272;C;MEDEL;7;0;0;0;0;0;0;1;0;0;0;0
2835;C;KINGSLEY;5;0;0;0;0;0;0;0;0;0;0;0
4415;C;SKOV OLSEN;6;0;0;0;0;0;0;0;0;0;0;0
2154;C;VIGNATO;6;0;0;0;0;0;0;0;0;0;0;0
4869;C;DOMINGUEZ;6,5;0;0;0;0;0;0;0;0;0;0;0
2167;C;ORSOLINI;5,5;0;0;0;0;0;0;0;0;0;0;0
4268;A;ARNAUTOVIC;6;0;0;0;0;0;0;1;0;0;0;0
537;A;SANSONE;6;0;0;0;0;0;0;1;0;0;0;0
687;ALL;MIHAJLOVIC;7;0;0;0;0;0;0;0;0;0;0;0
CAGLIARI;;;;;;;;;;;;;;
Cod.;Ruolo;Nome;Voto;Gf;Gs;Rp;Rs;Rf;Au;Amm;Esp;Ass;Gdv;Gdp
3;P;RADUNOVIC;5,5;0;4;0;0;0;0;0;0;0;0;0
4925;D;CARBONI;5;0;0;0;0;0;0;0;0;0;0;0
2289;D;DALBERT;5;0;0;0;0;0;0;1;0;0;0;0
2572;D;GODIN;5;0;0;0;0;0;0;1;0;0;0;0
2653;D;LYKOGIANNIS;6;0;0;0;0;0;0;0;0;0;0;0
1866;D;CEPPITELLI;5;0;0;0;0;0;0;0;0;0;0;0
4461;D;ZAPPA;5,5;0;0;0;0;0;0;0;0;0;0;0
4886;C;PEREIRO;6*;0;0;0;0;0;0;0;0;0;0;0
4965;C;MARIN;5,5;0;0;0;0;0;0;0;0;0;0;0
470;C;STROOTMAN;5;0;0;0;0;0;0;1;0;0;0;0
1871;C;DEIOLA;6,5;1;0;0;0;0;0;1;0;0;0;0
4514;C;NANDEZ;5,5;0;0;0;0;0;0;1;0;0;0;0
1879;A;FARIAS;5,5;0;0;0;0;0;0;0;0;0;0;0
247;A;PAVOLETTI;5;0;0;0;0;0;0;0;0;0;0;0
2654;A;CETER;6*;0;0;0;0;0;0;0;0;0;0;0
1874;A;JOAO PEDRO;6;0;0;0;0;0;0;0;0;1;0;0
2269;ALL;SEMPLICI;4,5;0;0;0;0;0;0;0;0;0;0;0
EMPOLI;;;;;;;;;;;;;;
Cod.;Ruolo;Nome;Voto;Gf;Gs;Rp;Rs;Rf;Au;Amm;Esp;Ass;Gdv;Gdp
4964;P;VICARIO;7;0;0;0;0;0;0;0;0;0;0;0
5010;D;ISMAJLI;6,5;0;0;0;0;0;0;1;0;0;0;0
5450;D;STOJANOVIC;6,5;0;0;0;0;0;0;1;0;0;0;0
2252;D;MARCHIZZA;6;0;0;0;0;0;0;0;0;0;0;0
393;D;LUPERTO;7;0;0;0;0;0;0;0;0;0;0;0
2161;C;HAAS;6,5;0;0;0;0;0;0;0;0;0;0;0
5451;C;BAJRAMI;6,5;0;0;0;0;0;0;0;0;0;0;0
2253;C;BANDINELLI;6,5;0;0;0;0;0;0;0;0;0;0;0
5453;C;RICCI S.;6,5;0;0;0;0;0;0;0;0;0;0;0
2778;C;STULAC;6;0;0;0;0;0;0;0;0;0;0;0
4376;C;ZURKOWSKI;6*;0;0;0;0;0;0;0;0;0;0;0
4498;C;HENDERSON L.;6*;0;0;0;0;0;0;0;0;0;0;0
5454;A;MANCUSO;7;1;0;0;0;0;0;0;0;0;1;0
2038;A;PINAMONTI;6;0;0;0;0;0;0;0;0;0;0;0
2155;A;CUTRONE;6;0;0;0;0;0;0;1;0;0;0;0
2821;ALL;ANDREAZZOLI;8;0;0;0;0;0;0;0;0;0;0;0
FIORENTINA;;;;;;;;;;;;;;
Cod.;Ruolo;Nome;Voto;Gf;Gs;Rp;Rs;Rf;Au;Amm;Esp;Ass;Gdv;Gdp
2815;P;TERRACCIANO;6;0;1;0;0;0;0;0;0;0;0;0
2174;D;VENUTI;6;0;0;0;0;0;0;0;0;0;0;0
252;D;BIRAGHI;6;0;0;0;0;0;0;0;0;0;0;0
2164;D;MILENKOVIC;6,5;0;0;0;0;0;0;1;0;0;0;0
5323;D;MARTINEZ QUARTA;6,5;0;0;0;0;0;0;0;0;0;0;0
5457;C;MALEH;6*;0;0;0;0;0;0;0;0;0;0;0
150;C;SAPONARA;6*;0;0;0;0;0;0;0;0;0;0;0
2839;C;SOTTIL;6;0;0;0;0;0;0;0;0;0;0;0
367;C;BONAVENTURA;6,5;0;0;0;0;0;0;1;0;1;0;0
406;C;CALLEJON;6;0;0;0;0;0;0;0;0;0;0;0
526;C;DUNCAN;6;0;0;0;0;0;0;0;0;0;0;0
4377;C;CASTROVILLI;6,5;0;0;0;0;0;0;1;0;1;0;0
644;C;PULGAR;6,5;0;0;0;0;0;0;0;0;0;0;0
2841;A;VLAHOVIC;7,5;1;0;0;0;0;0;1;0;0;1;0
4179;A;GONZALEZ N.;7;1;0;0;0;0;0;0;0;0;0;0
4993;ALL;ITALIANO;7;0;0;0;0;0;0;0;0;0;0;0
GENOA;;;;;;;;;;;;;;
Cod.;Ruolo;Nome;Voto;Gf;Gs;Rp;Rs;Rf;Au;Amm;Esp;Ass;Gdv;Gdp
2179;P;SIRIGU;6,5;0;2;0;0;0;0;0;0;0;0;0
5520;D;CAMBIASO;7;1;0;0;0;0;0;0;0;0;0;0
2328;D;VANHEUSDEN;6;0;0;0;0;0;0;0;0;0;0;0
244;D;GHIGLIONE;6,5;0;0;0;0;0;0;0;0;1;0;0
2759;D;CRISCITO;5,5;0;0;0;0;0;0;1;0;0;0;0
15;D;MASIELLO;5;0;0;0;0;0;0;0;0;0;0;0
2083;D;BIRASCHI;6,5;0;0;0;0;0;0;0;0;0;0;0
2302;C;BEHRAMI;6*;0;0;0;0;0;0;0;0;0;0;0
170;C;BADELJ;6;0;0;0;0;0;0;0;0;0;0;0
4423;C;HERNANI;5,5;0;0;0;0;0;0;0;0;0;0;0
305;C;STURARO;5;0;0;0;0;0;0;0;0;0;0;0
4459;C;ROVELLA;6,5;0;0;0;0;0;0;0;0;0;0;0
245;A;PANDEV;6;0;0;0;0;0;0;0;0;0;0;0
5439;A;KALLON;5,5;0;0;0;0;0;0;0;0;0;0;0
5459;A;BUKSA;5;0;0;0;0;0;0;0;0;0;0;0
5506;A;EKUBAN;5;0;0;0;0;0;0;1;0;0;0;0
762;ALL;BALLARDINI;6;0;0;0;0;0;0;0;0;0;0;0
INTER;;;;;;;;;;;;;;
Cod.;Ruolo;Nome;Voto;Gf;Gs;Rp;Rs;Rf;Au;Amm;Esp;Ass;Gdv;Gdp
250;P;HANDANOVIC;5;0;1;0;0;0;0;0;0;0;0;0
2525;D;DARMIAN;7;0;0;0;0;0;0;0;0;1;0;0
798;D;SKRINIAR;6;0;0;0;0;0;0;0;0;0;0;0
254;D;DIMARCO;6;0;0;0;0;0;0;0;0;0;0;0
322;D;DE VRIJ;6,5;0;0;0;0;0;0;0;0;0;0;0
2120;D;BASTONI;6,5;0;0;0;0;0;0;0;0;0;0;0
2414;C;VIDAL;6,5;0;0;0;0;0;0;0;0;0;0;0
704;C;PERISIC;6;0;0;0;0;0;0;0;0;0;0;0
181;C;VECINO;6*;0;0;0;0;0;0;0;0;0;0;0
1870;C;BARELLA;6,5;0;0;0;0;0;0;0;0;1;0;0
265;C;BROZOVIC;5,5;0;0;0;0;0;0;1;0;0;0;0
1978;C;SENSI;6*;0;0;0;0;0;0;0;0;0;0;0
2194;C;CALHANOGLU;5,5;0;0;0;0;0;0;0;0;0;0;0
647;A;DZEKO;6;0;0;0;0;0;0;0;0;0;0;0
2764;A;MARTINEZ L.;7;1;0;0;0;0;0;1;0;0;0;0
495;A;CORREA;8;2;0;0;0;0;0;0;0;0;1;0
826;ALL;INZAGHI S.;7;0;0;0;0;0;0;0;0;0;0;0
JUVENTUS;;;;;;;;;;;;;;
Cod.;Ruolo;Nome;Voto;Gf;Gs;Rp;Rs;Rf;Au;Amm;Esp;Ass;Gdv;Gdp
453;P;SZCZESNY;6;0;1;0;0;0;0;0;0;0;0;0
358;D;DE SCIGLIO;6*;0;0;0;0;0;0;0;0;0;0;0
4237;D;DANILO;5,5;0;0;0;0;0;0;1;0;0;0;0
662;D;ALEX SANDRO;5,5;0;0;0;0;0;0;0;0;0;0;0
4428;D;DE LIGT;6;0;0;0;0;0;0;0;0;0;0;0
697;D;CUADRADO;6;0;0;0;0;0;0;0;0;0;0;0
286;D;BONUCCI;6;0;0;0;0;0;0;0;0;0;0;0
2166;C;BENTANCUR;5;0;0;0;0;0;0;0;0;0;0;0
2379;C;RABIOT;4,5;0;0;0;0;0;0;0;0;0;0;0
2833;C;KULUSEVSKI;5,5;0;0;0;0;0;0;0;0;0;0;0
4973;C;MCKENNIE;5;0;0;0;0;0;0;0;0;0;0;0
184;C;BERNARDESCHI;5;0;0;0;0;0;0;1;0;0;0;0
827;C;LOCATELLI;6;0;0;0;0;0;0;0;0;0;0;0
2002;C;CHIESA;6,5;0;0;0;0;0;0;0;0;0;0;0
313;A;MORATA;5;0;0;0;0;0;0;0;0;0;0;0
309;A;DYBALA;5;0;0;0;0;0;0;0;0;0;0;0
686;ALL;ALLEGRI;4,5;0;0;0;0;0;0;0;0;0;0;0
LAZIO;;;;;;;;;;;;;;
Cod.;Ruolo;Nome;Voto;Gf;Gs;Rp;Rs;Rf;Au;Amm;Esp;Ass;Gdv;Gdp
387;P;REINA;6,5;0;1;0;0;0;0;0;0;1;0;0
513;D;ACERBI;6;0;0;0;0;0;0;0;0;0;0;0
2188;D;MARUSIC;6;0;0;0;0;0;0;0;0;0;0;0
2263;D;LAZZARI;6;0;0;0;0;0;0;0;0;0;0;0
140;D;HYSAJ;7;1;0;0;0;0;0;0;0;0;0;0
327;D;PATRIC;6;0;0;0;0;0;0;0;0;0;0;0
645;C;MILINKOVIC-SAVIC;6,5;0;0;0;0;0;0;0;0;0;0;0
2209;C;LUCAS LEIVA;6,5;0;0;0;0;0;0;0;0;0;0;0
2085;C;LUIS ALBERTO;8;1;0;0;0;0;0;0;0;3;0;0
333;C;CATALDI;6;0;0;0;0;0;0;0;0;0;0;0
5510;C;ROMERO L.;6*;0;0;0;0;0;0;0;0;0;0;0
335;C;FELIPE ANDERSON;7,5;1;0;0;0;0;0;0;0;0;0;0
785;A;IMMOBILE;8;3;0;0;1;0;0;0;0;0;1;0
2489;A;PEDRO;7;0;0;0;0;0;0;0;0;1;0;0
4938;A;MORO;6,5;0;0;0;0;0;0;0;0;1;0;0
5012;A;MURIQI;6*;0;0;0;0;0;0;0;0;0;0;0
688;ALL;SARRI;7;0;0;0;0;0;0;0;0;0;0;0
MILAN;;;;;;;;;;;;;;
Cod.;Ruolo;Nome;Voto;Gf;Gs;Rp;Rs;Rf;Au;Amm;Esp;Ass;Gdv;Gdp
4312;P;MAIGNAN;6;0;1;0;0;0;0;0;0;0;0;0
4292;D;HERNANDEZ T.;6,5;0;0;0;0;0;0;0;0;0;0;0
357;D;CALABRIA;6,5;0;0;0;0;0;0;0;0;0;0;0
464;D;FLORENZI;6;0;0;0;0;0;0;0;0;0;0;0
2633;D;KJAER;6,5;0;0;0;0;0;0;0;0;0;0;0
4751;D;TOMORI;6;0;0;0;0;0;0;0;0;0;0;0
2818;C;BENNACER;6;0;0;0;0;0;0;0;0;0;0;0
4892;C;SAELEMAEKERS;6;0;0;0;0;0;0;0;0;0;0;0
4896;C;MALDINI;6*;0;0;0;0;0;0;0;0;0;0;0
148;C;KRUNIC;6,5;0;0;0;0;0;0;0;0;0;0;0
4449;C;TONALI;7;1;0;0;0;0;0;0;0;0;0;0
2692;C;CASTILLEJO;6*;0;0;0;0;0;0;0;0;0;0;0
4825;C;DIAZ B.;7;0;0;0;0;0;0;1;0;1;0;0
4200;A;GIROUD;7,5;1;0;0;0;1;0;0;0;0;0;0
186;A;REBIC;6;0;0;0;0;0;0;0;0;0;0;0
4510;A;RAFAEL LEAO;7;1;0;0;0;0;0;0;0;0;1;0
676;ALL;PIOLI;7,5;0;0;0;0;0;0;0;0;0;0;0
NAPOLI;;;;;;;;;;;;;;
Cod.;Ruolo;Nome;Voto;Gf;Gs;Rp;Rs;Rf;Au;Amm;Esp;Ass;Gdv;Gdp
572;P;MERET;6,5;0;1;0;0;0;0;0;0;0;0;0
142;D;MARIO RUI;6;0;0;0;0;0;0;1;0;1;0;0
256;D;JUAN JESUS;6*;0;0;0;0;0;0;0;0;0;0;0
392;D;KOULIBALY;6,5;0;0;0;0;0;0;0;0;0;0;0
2816;D;DI LORENZO;5;0;0;0;0;0;0;1;0;0;0;0
459;D;MANOLAS;6;0;0;0;0;0;0;0;0;0;0;0
2775;C;RUIZ;6,5;1;0;0;0;0;0;0;0;0;0;0
4287;C;LOBOTKA;6,5;0;0;0;0;0;0;0;0;0;0;0
4364;C;GAETANO;6*;0;0;0;0;0;0;0;0;0;0;0
4479;C;ELMAS;6;0;0;0;0;0;0;0;0;0;0;0
4517;A;LOZANO;5;0;0;0;0;0;0;0;0;0;0;0
2195;A;OUNAS;6,5;0;0;0;0;0;0;0;0;0;0;0
383;A;PETAGNA;7;1;0;0;0;0;0;0;0;0;1;0
409;A;INSIGNE;6,5;0;0;0;0;0;0;0;0;0;0;0
536;A;POLITANO;6,5;0;0;0;0;0;0;1;0;1;0;0
782;ALL;SPALLETTI;7;0;0;0;0;0;0;0;0;0;0;0
ROMA;;;;;;;;;;;;;;
Cod.;Ruolo;Nome;Voto;Gf;Gs;Rp;Rs;Rf;Au;Amm;Esp;Ass;Gdv;Gdp
4270;P;RUI PATRICIO;6;0;0;0;0;0;0;0;0;0;0;0
2296;D;MANCINI;6,5;0;0;0;0;0;0;0;0;0;0;0
4945;D;CALAFIORI;6*;0;0;0;0;0;0;0;0;0;0;0
4331;D;IBANEZ;6,5;0;0;0;0;0;0;0;0;0;0;0
5509;D;VINA;7;0;0;0;0;0;0;0;0;1;0;0
2180;D;KARSDORP;6,5;0;0;0;0;0;0;0;0;0;0;0
2215;C;VERETOUT;7,5;1;0;0;0;0;0;0;0;1;0;0
2529;C;MKHITARYAN;6,5;0;0;0;0;0;0;1;0;1;0;0
58;C;DIAWARA;6*;0;0;0;0;0;0;0;0;0;0;0
530;C;PELLEGRINI LO.;8;2;0;0;0;0;0;0;0;0;1;0
779;C;CRISTANTE;6,5;0;0;0;0;0;0;0;0;0;0;0
4884;A;CARLES PEREZ;6,5;0;0;0;0;0;0;1;0;1;0;0
2544;A;ABRAHAM;7;1;0;0;0;0;0;0;0;0;0;0
5233;A;MAYORAL;6*;0;0;0;0;0;0;0;0;0;0;0
5311;A;SHOMURODOV;6*;0;0;0;0;0;0;0;0;0;0;0
795;A;EL SHAARAWY;6;0;0;0;0;0;0;0;0;0;0;0
5190;ALL;MOURINHO;7;0;0;0;0;0;0;0;0;0;0;0
SALERNITANA;;;;;;;;;;;;;;
Cod.;Ruolo;Nome;Voto;Gf;Gs;Rp;Rs;Rf;Au;Amm;Esp;Ass;Gdv;Gdp
720;P;BELEC;5,5;0;4;0;0;0;0;0;0;0;0;0
4433;D;ZORTEA;5;0;0;0;0;0;0;0;0;0;0;0
5354;D;RUGGERI;5;0;0;0;0;0;0;0;0;0;0;0
660;D;GYOMBER;5;0;0;0;0;0;0;0;0;0;0;0
5463;D;AYA;5;0;0;0;0;0;0;1;0;0;0;0
5503;D;KECHRIDA;5;0;0;0;0;0;0;0;0;0;0;0
2208;D;JAROSZYNSKI;5;0;0;0;0;0;0;0;0;0;0;0
560;C;OBI;6;0;0;0;0;0;0;0;0;0;0;0
5469;C;DI TACCHIO;5;0;0;0;0;0;0;0;0;0;0;0
5470;C;SCHIAVONE;6*;0;0;0;0;0;0;0;0;0;0;0
2144;C;COULIBALY M.;5;0;0;0;0;0;0;0;0;0;0;0
5504;C;COULIBALY L.;5,5;0;0;0;0;0;0;0;0;0;0;0
173;C;CAPEZZI;5,5;0;0;0;0;0;0;0;0;0;0;0
505;A;BONAZZOLI;5,5;0;0;0;0;0;0;1;0;0;0;0
1997;A;SIMY;5,5;0;0;0;0;0;0;0;0;0;0;0
5472;A;KRISTOFFERSEN;6*;0;0;0;0;0;0;0;0;0;0;0
679;ALL;CASTORI;5;0;0;0;0;0;0;0;0;0;0;0
SAMPDORIA;;;;;;;;;;;;;;
Cod.;Ruolo;Nome;Voto;Gf;Gs;Rp;Rs;Rf;Au;Amm;Esp;Ass;Gdv;Gdp
761;P;AUDERO;7;0;0;0;0;0;0;0;0;0;0;0
4421;D;AUGELLO;6;0;0;0;0;0;0;0;0;0;0;0
2104;D;BERESZYNSKI;6;0;0;0;0;0;0;1;0;0;0;0
4895;D;YOSHIDA;6;0;0;0;0;0;0;0;0;0;0;0
2141;D;DEPAOLI;6*;0;0;0;0;0;0;0;0;0;0;0
2784;D;COLLEY;6;0;0;0;0;0;0;0;0;0;0;0
600;C;VERRE;5,5;0;0;0;0;0;0;0;0;0;0;0
4404;C;THORSBY;6;0;0;0;0;0;0;1;0;0;0;0
4921;C;ASKILDSEN;6;0;0;0;0;0;0;0;0;0;0;0
4978;C;DAMSGAARD;5,5;0;0;0;0;0;0;0;0;0;0;0
2391;C;EKDAL;6;0;0;0;0;0;0;0;0;0;0;0
2703;C;ADRIEN SILVA;6*;0;0;0;0;0;0;0;0;0;0;0
332;C;CANDREVA;6;0;0;0;0;0;0;0;0;0;0;0
568;A;QUAGLIARELLA;5,5;0;0;0;0;0;0;0;0;0;0;0
2824;ALL;D'AVERSA;6;0;0;0;0;0;0;0;0;0;0;0
SASSUOLO;;;;;;;;;;;;;;
Cod.;Ruolo;Nome;Voto;Gf;Gs;Rp;Rs;Rf;Au;Amm;Esp;Ass;Gdv;Gdp
509;P;CONSIGLI;6;0;0;0;0;0;0;0;0;0;0;0
1895;D;FERRARI G.;6,5;0;0;0;0;0;0;0;0;0;0;0
4426;D;TOLJAN;6;0;0;0;0;0;0;0;0;0;0;0
2318;D;ROGERIO;6,5;0;0;0;0;0;0;0;0;0;0;0
640;D;CHIRICHES;6,5;0;0;0;0;0;0;1;0;0;0;0
2857;C;TRAORE' HJ.;6*;0;0;0;0;0;0;0;0;0;0;0
1995;C;DJURICIC;6,5;0;0;0;0;0;0;0;0;0;0;0
4681;C;LOPEZ M.;6;0;0;0;0;0;0;0;0;0;0;0
528;C;MAGNANELLI;6*;0;0;0;0;0;0;0;0;0;0;0
2848;C;FRATTESI;6;0;0;0;0;0;0;0;0;0;0;0
643;A;DEFREL;6;0;0;0;0;0;0;0;0;0;0;0
4371;A;RASPADORI;6;0;0;0;0;0;0;0;0;0;0;0
2137;A;SCAMACCA;6*;0;0;0;0;0;0;0;0;0;0;0
2819;A;CAPUTO;4,5;0;0;0;0;0;0;1;0;0;0;0
2832;A;BOGA;5,5;0;0;0;0;0;0;0;0;0;0;0
5474;ALL;DIONISI;6;0;0;0;0;0;0;0;0;0;0;0
SPEZIA;;;;;;;;;;;;;;
Cod.;Ruolo;Nome;Voto;Gf;Gs;Rp;Rs;Rf;Au;Amm;Esp;Ass;Gdv;Gdp
5005;P;ZOET;6;0;6;1;0;0;0;0;0;0;0;0
4983;D;FERRER;5;0;0;0;0;0;0;0;0;0;0;0
4985;D;VIGNALI;4,5;0;0;0;0;0;0;0;0;0;0;0
630;D;SALA;5,5;0;0;0;0;0;0;0;0;0;0;0
2312;D;HRISTOV;5,5;0;0;0;0;0;0;0;0;0;0;0
4329;D;NIKOLAOU;5;0;0;0;0;0;0;0;0;0;0;0
5332;D;BASTONI S.;5;0;0;0;0;0;0;0;0;0;0;0
5475;D;AMIAN;4;0;0;0;0;0;0;0;1;0;0;0
4982;D;ERLIC;4;0;0;0;0;0;0;1;0;0;0;0
4988;C;MAGGIORE;5;0;0;0;0;0;0;0;0;0;0;0
215;A;VERDE;6;1;0;0;0;0;0;0;0;0;0;0
4992;A;GYASI;6;0;0;0;0;0;0;1;0;0;0;0
2750;A;MRAZ;5,5;0;0;0;0;0;0;0;0;0;0;0
4435;A;COLLEY E.;5;0;0;0;0;0;0;0;0;0;0;0
5673;A;ANTISTE;6*;0;0;0;0;0;0;0;0;0;0;0
4861;ALL;THIAGO MOTTA;5;0;0;0;0;0;0;0;0;0;0;0
TORINO;;;;;;;;;;;;;;
Cod.;Ruolo;Nome;Voto;Gf;Gs;Rp;Rs;Rf;Au;Amm;Esp;Ass;Gdv;Gdp
2170;P;MILINKOVIC-SAVIC V.;6;0;2;0;0;0;0;0;0;0;0;0
2724;D;BUONGIORNO;5,5;0;0;0;0;0;0;1;0;0;0;0
2865;D;AINA;5,5;0;0;0;0;0;0;1;0;0;0;0
226;D;IZZO;5;0;0;0;0;0;0;0;0;0;0;0
2869;D;DJIDJI;5,5;0;0;0;0;0;0;1;0;0;0;0
4899;D;SINGO;6;0;0;0;0;0;0;0;0;0;0;0
4994;D;VOJVODA;6;0;0;0;0;0;0;0;0;0;0;0
706;D;ANSALDI;6*;0;0;0;0;0;0;0;0;0;0;0
2169;D;RODRIGUEZ R.;5,5;0;0;0;0;0;0;0;0;0;0;0
376;C;VERDI;6;1;0;0;0;0;0;0;0;0;0;0
1933;C;MANDRAGORA;5,5;0;0;0;0;0;0;1;0;0;0;0
2008;C;LINETTY;5;0;0;0;0;0;0;0;0;0;0;0
2009;C;LUKIC;6;0;0;0;0;0;0;1;0;1;0;0
441;A;BELOTTI;5,5;0;0;0;0;0;0;0;0;0;0;0
1998;A;PJACA;5,5;0;0;0;0;0;0;0;0;0;0;0
479;A;SANABRIA;5;0;0;0;0;0;0;0;0;0;0;0
1924;ALL;JURIC;5,5;0;0;0;0;0;0;0;0;0;0;0
UDINESE;;;;;;;;;;;;;;
Cod.;Ruolo;Nome;Voto;Gf;Gs;Rp;Rs;Rf;Au;Amm;Esp;Ass;Gdv;Gdp
2211;P;SILVESTRI;7;0;0;0;0;0;0;0;0;0;0;0
5355;D;UDOGIE;6*;0;0;0;0;0;0;0;0;0;0;0
2315;D;STRYGER LARSEN;6,5;0;0;0;0;0;0;0;0;1;0;0
790;D;SAMIR;6,5;0;0;0;0;0;0;1;0;0;0;0
4412;D;RODRIGO BECAO;6,5;0;0;0;0;0;0;0;0;0;0;0
4998;D;MOLINA N.;7,5;1;0;0;0;0;0;0;0;1;0;0
2280;D;NUYTINCK;6,5;0;0;0;0;0;0;0;0;0;0;0
302;C;PEREYRA;6,5;0;0;0;0;0;0;0;0;0;0;0
2392;C;WALACE;6;0;0;0;0;0;0;0;0;0;0;0
434;C;JAJALO;6*;0;0;0;0;0;0;0;0;0;0;0
5287;C;ARSLAN;6,5;0;0;0;0;0;0;0;0;0;0;0
5329;C;MAKENGO;6;0;0;0;0;0;0;0;0;0;0;0
2826;A;PUSSETTO;7;1;0;0;0;0;0;0;0;0;1;0
4324;A;OKAKA;6*;0;0;0;0;0;0;1;0;0;0;0
2119;A;DEULOFEU;7;1;0;0;0;0;0;0;0;0;0;0
1860;ALL;GOTTI;7,5;0;0;0;0;0;0;0;0;0;0;0
VENEZIA;;;;;;;;;;;;;;
Cod.;Ruolo;Nome;Voto;Gf;Gs;Rp;Rs;Rf;Au;Amm;Esp;Ass;Gdv;Gdp
158;P;LEZZERINI;6,5;0;3;0;0;0;0;0;0;0;0;0
1847;D;CALDARA;5;0;0;0;0;0;0;0;0;0;0;0
5479;D;CECCARONI;5,5;0;0;0;0;0;0;0;0;0;0;0
5481;D;MAZZOCCHI;5,5;0;0;0;0;0;0;0;0;0;0;0
5483;D;SCHNEGG;6*;0;0;0;0;0;0;1;0;0;0;0
5484;D;SVOBODA;5,5;0;0;0;0;0;0;0;0;0;0;0
5487;C;HEYMANS;5,5;0;0;0;0;0;0;1;0;0;0;0
5490;C;PERETZ;6;0;0;0;0;0;0;0;0;0;0;0
5501;C;SIGURDSSON A.;5,5;0;0;0;0;0;0;0;0;0;0;0
5507;C;BUSIO;5;0;0;0;0;0;0;0;0;0;0;0
5486;C;CRNIGOJ;5,5;0;0;0;0;0;0;0;0;0;0;0
5508;C;VACCA;6;0;0;0;0;0;0;1;0;0;0;0
5515;A;OKEREKE;5,5;0;0;0;0;0;0;0;0;0;0;0
5529;A;HENRY;5,5;0;0;0;0;0;0;0;0;0;0;0
5495;A;FORTE;6*;0;0;0;0;0;0;0;0;0;0;0
5496;A;JOHNSEN;6;0;0;0;0;0;0;0;0;0;0;0
5497;ALL;ZANETTI;5;0;0;0;0;0;0;0;0;0;0;0
VERONA;;;;;;;;;;;;;;
Cod.;Ruolo;Nome;Voto;Gf;Gs;Rp;Rs;Rf;Au;Amm;Esp;Ass;Gdv;Gdp
4957;P;MONTIPO';6,5;0;3;0;0;0;0;0;0;0;0;0
1891;D;CECCHERINI;6,5;0;0;0;0;0;0;0;0;0;0;0
5498;D;CASALE;6;0;0;0;0;0;0;0;0;0;0;0
2758;D;GUNTER;5,5;0;0;0;0;0;0;0;0;0;0;0
2769;D;MAGNANI;6;0;0;0;0;0;0;1;0;0;0;0
4493;D;DAWIDOWICZ;4,5;0;0;0;0;0;0;0;0;0;0;0
4888;D;SUTALO;6;0;0;0;0;0;0;0;0;0;0;0
581;D;FARAONI;5,5;0;0;0;0;0;0;0;0;0;0;0
5007;C;ILIC;7;1;0;0;0;0;0;0;0;0;0;0
2172;C;BARAK;6;0;0;0;0;0;0;0;0;0;0;0
5499;C;HONGLA;5,5;0;0;0;0;0;0;0;0;0;0;0
236;C;LAZOVIC;6;0;0;0;0;0;0;0;0;0;0;0
632;C;ZACCAGNI;6,5;0;0;0;0;0;0;0;0;0;0;0
4890;C;TAMEZE;6;0;0;0;0;0;0;1;0;0;0;0
5500;A;CANCELLIERI;5,5;0;0;0;0;0;0;0;0;0;0;0
90;A;LASAGNA;5,5;0;0;0;0;0;0;0;0;0;0;0
691;ALL;DI FRANCESCO;5,5;0;0;0;0;0;0;0;0;0;0;0
